id,local_authority,code,hectares,geometry
pub_las.1,Angus,S12000041,220244.68,"list(c(316464.9985, 321852.9975, 321934.5, 331836.9998, 333558.5026, 337705.0015, 342088.4965, 345865.996, 349453.9992, 349959.9986, 353573.0009, 359746.4986, 359191.3009, 362445.8986, 367703.54, 371831.3012, 374505.1283, 373214.95, 369543.41, 370630.95, 367075.51, 356394.2073, 354814.8695, 350286.67, 349217.5, 348478.6992, 341794.2962, 340400.1965, 336589.1974, 335363.297, 332465.9, 332974.7028, 331116.299, 325531.3996, 327936.7973, 326947.7033, 333311.8021, 328514.6029, 329328.7038, 326998.6, 329509.0974, 
321371.6014, 320081.4967, 317317.9996, 315150.4967, 317595.0006, 314267.5001, 316464.9985, 776753.4961, 780284.4954, 782653.4973, 778013.4955, 784859.9957, 787310.0044, 786581.5029, 788757.5, 787621.4952, 785937.4972, 785654.9981, 777695.9964, 772515.5992, 765936.4025, 766094.66, 761867.4972, 762619.3889, 755116.95, 752008.5, 747823.8, 741732.29, 734120.2923, 730392.3519, 731894.58, 730856.4, 733693.5019, 735060.0008, 733993.3961, 734965.2979, 732765.5975, 732445.5991, 731066.6039, 731178.002, 737576.1005, 
737746.6017, 741671.8981, 747343.4047, 745831.6974, 747485.3041, 748423.9954, 751856.8027, 753399.3012, 757541.9954, 760205.5029, 765045.9974, 770680.5045, 773322.9981, 776753.4961))"
pub_las.2,Clackmannanshire,S12000005,16391.19,"list(c(291801.1732, 288089.596, 285765.1978, 285909.7997, 283710.5039, 282926.2996, 284680.2962, 283437.8974, 284913.3016, 285744.5027, 289656.001, 292308.9978, 296644.4983, 299716.303, 302359.3975, 301184.501, 297751.3977, 298886.3963, 296655.0025, 298806.3038, 293452.3981, 291801.1732, 688448.1308, 692086.3018, 691619.4955, 693139.3004, 692250.9047, 694531.5019, 695479.2006, 696841.0008, 697127.0989, 701313.0007, 704167.0038, 700961.5013, 700807.4954, 702625.2951, 701503.6961, 698968.4019, 697557.0958, 
694361.7005, 693498.2977, 692049.6024, 691516.405, 688448.1308))"
pub_las.3,Dundee City,S12000042,6241.03,"list(c(332974.7028, 332465.9, 335363.297, 336589.1974, 340400.1965, 341794.2962, 348478.6992, 348825.3362, 336281.1871, 332974.7028, 731066.6039, 732445.5991, 732765.5975, 734965.2979, 733993.3961, 735060.0008, 733693.5019, 731012.7806, 728522.5572, 731066.6039))"
pub_las.4,East Ayrshire,S12000008,127034.56,"list(c(241287.6032, 243648.5023, 245801.4021, 245091.06, 246953.93, 249282.47, 250331.1816, 253941.4964, 258813.5016, 261201.43, 263075.91, 258660.4994, 259752.5, 264682.5024, 268835.4985, 271564.0035, 276649.4993, 272115, 274517.4999, 272510.5036, 273399, 267729.96, 266530.68, 267850.9963, 265732.9974, 263859.0022, 260309.2973, 254036.9989, 250102.497, 246553.5012, 244616.9012, 242470.5, 245705.7027, 243952.29, 245351.34, 237516.69, 239954.27, 235183.13, 237775.18, 241660.99, 244734.46, 244794.97, 
242361.8, 243567.0995, 242474.75, 248614.8984, 246511.3029, 241296.6975, 240278.4985, 236660.7965, 239183.3977, 243309.4984, 239929.9962, 236869.7016, 234146.4981, 241287.6032, 653032.3009, 654952.7012, 653570.1983, 651552.44, 651767.53, 649298.49, 650305.5593, 646317.503, 645129.2755, 637902.98, 636727.91, 632111.9993, 630779.5007, 633101.9959, 632401.4964, 635081.4993, 630856.9989, 623938, 620706.0042, 618877.4976, 617687, 615115.92, 610356.41, 608340.5033, 602649.003, 600944.001, 604894.7002, 
604230.5003, 598518.9952, 586785.004, 585328.8008, 592226, 598228.4983, 601767.56, 604233.8, 610045.79, 613796.93, 613917.95, 617704.13, 614535.57, 615560.47, 617955.38, 618888.05, 619945.201, 622418.8, 626789.8028, 633103.0956, 633068.5955, 636037.2957, 637169.1017, 642221.3955, 644101.7973, 644440.6003, 642007.9966, 644876.7954, 653032.3009))"
pub_las.5,East Dunbartonshire,S12000045,17448.94,"list(c(250190.7027, 252448.5962, 254313.7032, 257354.2014, 258194.0021, 256986.0017, 263054.6965, 265327.0023, 268253.3971, 267537.9979, 271347.9005, 272288.596, 270726.2971, 271502.2975, 262933.6013, 263650.4021, 260905.9016, 258371.8975, 256521.2029, 256933.7033, 254549.8995, 251267.9034, 250190.7027, 678031.7049, 678909.9035, 676507.5012, 676224.0024, 680143.5004, 683796.5048, 681868.6966, 684043.5041, 678015.9994, 675376.1951, 676944.1962, 675140.8024, 674257.7952, 671961.9024, 671067.6984, 669914.2985, 
669235.6028, 672927.9958, 673064.1969, 671115.1048, 669846.5979, 672516.6036, 678031.7049))"
pub_las.6,East Renfrewshire,S12000011,17424.73,"list(c(240058.354, 243697.402, 250907.8004, 251385.5027, 258425.75, 259088.5995, 256898.4969, 260429.6999, 260448.0039, 258204.5, 253963.5025, 250331.1816, 249282.47, 246953.93, 245091.06, 245744.1989, 242994.8009, 241223.3, 240058.354, 655507.0942, 659280.6013, 661444.303, 658266.2027, 659840.6, 656113.4989, 655133.4995, 650663.599, 646467.0002, 644786, 646304.9966, 650305.5593, 649298.49, 651767.53, 651552.44, 653635.8981, 655109.9962, 653031.901, 655507.0942))"
pub_las.7,Falkirk,S12000014,31493.22,"list(c(288600.897, 292486.39, 292126.27, 306485.9505, 304242.5035, 300305.899, 295950.8, 291446.05, 289567.28, 286190.18, 286990.4964, 281175.73, 283953.5658, 279112.4972, 278710.5999, 276078.6032, 276115.302, 273507.9993, 277184.2, 287104.5008, 288139.8991, 285852.0019, 287855.4033, 288600.897, 691308.0046, 686805.91, 685021.41, 680192.1228, 678038.303, 679365.5031, 673744.7021, 672482.2, 669719.35, 668421.67, 669451.601, 673292.03, 675588.3479, 676130.7991, 678316.1035, 678667.103, 681213.1043, 
681505.5006, 685730.0013, 685923.296, 687370.3018, 689502.7014, 692076.3047, 691308.0046))"
pub_las.8,Glasgow City,S12000049,17635.76,"list(c(258096.7021, 260258.4994, 263784.3019, 264712.3001, 269871.3997, 270434.1004, 267845.3985, 263940.2985, 262156.8011, 260606.8038, 260140.6033, 261921.9982, 260448.6965, 258078.2992, 258425.75, 254308.7974, 253798.6012, 251027.9969, 251068.8017, 252851.7961, 250424.4996, 250851.198, 252791.904, 254549.8995, 256933.7033, 256521.2029, 258096.7021, 672970.5037, 669340.4028, 670126.7977, 667721.996, 667627.3032, 665061.5976, 661197.5037, 661002.7994, 663408.8007, 663089.2022, 660636.1044, 658550.7013, 
656462.599, 657170.0965, 659840.6, 659690.9049, 657973.5965, 658850.3955, 665136.3962, 667013.2989, 668812.9038, 671829.3003, 672244.2016, 669846.5979, 671115.1048, 673064.1969, 672970.5037))"
pub_las.9,Inverclyde,S12000018,17361.5,"list(c(236691.4022, 235407.2999, 237550.1995, 235950.7978, 235249.9017, 227892.96, 225022.9999, 219259.9804, 220334.76, 225618.7996, 231710.9978, 232384.9, 236691.4022, 674686.2026, 672097.4036, 666297.4038, 666268.3022, 664012.098, 665242.24, 670152.5003, 668390.7682, 675964.9, 678991.8988, 676593.4966, 674653.45, 674686.2026))"
pub_las.10,Midlothian,S12000019,35527.2,"list(c(347072.9987, 345565.9994, 341849.0022, 340470.1971, 332620.9979, 330816.5003, 331511.9959, 329205.0031, 325808.4997, 320158.2994, 318948.6006, 315758.504, 314327.4994, 324957.0982, 331774.1971, 330235.3966, 331861.2979, 336462.3966, 339656.6982, 341443.5018, 344107.0029, 347072.9987, 658736.0982, 659326.3993, 655931.0012, 658820.904, 652347.4969, 649855.5003, 648175.5012, 646900.4961, 657131.0977, 654293.3, 656648.4958, 656338.6045, 659833.0042, 667507.8973, 667949.301, 669493.199, 671534.3048, 
668081.7031, 669173.0007, 663765.3986, 663266.2015, 658736.0982))"
pub_las.11,North Lanarkshire,S12000050,47229.98,"list(c(272346.6, 274204.6987, 273507.9993, 276115.302, 276078.6032, 278710.5999, 279112.4972, 283953.5658, 281175.73, 286998.2962, 286073.2993, 289833.5996, 293006.901, 290544.7031, 292621.36, 289280.4961, 282867.3969, 279609.0972, 268133.2006, 270189.1973, 269871.3997, 264390.5036, 264941.7024, 262933.6013, 271502.2975, 270726.2971, 272288.596, 271347.9005, 267537.9979, 268253.3971, 265882.0021, 272346.6, 683872.603, 683523.6029, 681505.5006, 681213.1043, 678667.103, 678316.1035, 676130.7991, 675588.3479, 
673292.03, 669442.8035, 667138.5031, 665796.5972, 666761.1011, 664253.6988, 659175.47, 654381.5047, 653892.8046, 650716.004, 662167.0961, 663159.4021, 667627.3032, 668026.2989, 669317.3994, 671067.6984, 671961.9024, 674257.7952, 675140.8024, 676944.1962, 675376.1951, 678015.9994, 681530.5034, 683872.603))"
pub_las.12,Perth and Kinross,S12000048,542136.33,"list(c(332974.7028, 336281.1871, 334994.1766, 336381.3764, 334196.2238, 337247.1705, 333235.4263, 322128.7569, 324162.7454, 321177.096, 322452.1991, 319640.7982, 320016.2041, 317428.302, 314402.9005, 316253.4962, 315340.3969, 320751.5976, 320097.7972, 321660.4012, 321854.9022, 318842.6021, 319593.1994, 316561.3998, 314911.4971, 314982.6025, 312467.2982, 304416.499, 302961.8971, 301854.5029, 298193.5968, 297751.3977, 301184.501, 302359.3975, 299716.303, 296644.4983, 292308.9978, 289656.001, 286148.5025, 
285569.5013, 283927.0027, 282277.7019, 279800.6959, 275928.5019, 273910.6963, 271445.4973, 269321.5036, 261917.9994, 261755.0028, 264489.9967, 264397.9983, 266826.4986, 270796.5038, 269138.0015, 267512.0012, 258619.002, 256745.9962, 254698.5002, 252396.5039, 246820.501, 245850.5025, 244477.9967, 241479.0041, 237908.0022, 235179.4971, 236863.996, 234351.5033, 240410.5019, 242832.4968, 238410.0027, 238885.0007, 236715.5025, 233582.5029, 233603.9978, 237269.0017, 241361.9984, 241773.9959, 244458.4971, 
246198.9965, 250876.5021, 255230.9992, 257868.5036, 259591.4987, 266034.9975, 267698.9992, 269978.9977, 278742.5, 282175.4961, 284703.0031, 289192.0019, 291535.5039, 294170.9964, 295966.0039, 298135.9968, 303746.0024, 304991.996, 306421.5, 310757.9981, 312976.4967, 316464.9985, 314267.5001, 317595.0006, 315150.4967, 317317.9996, 320081.4967, 321371.6014, 329509.0974, 326998.6, 329328.7038, 328514.6029, 333124.4001, 331118.7972, 326947.7033, 327936.7973, 325531.3996, 331116.299, 332974.7028, 731066.6039, 
728522.5572, 727590.9196, 728103.4031, 725207.8712, 727932.5442, 724306.9484, 719957.1182, 719562.0583, 718346.005, 717124.8047, 714269.2021, 711448.0996, 711580.5017, 709339.0033, 707798.2044, 706089.2036, 705326.7018, 704352.0008, 703774.4961, 701108.1994, 699958.2985, 698304.302, 698625.7, 697707.3029, 695639.5048, 694922.9999, 695931.6011, 697450.6963, 695193.2025, 694636.102, 697557.0958, 698968.4019, 701503.6961, 702625.2951, 700807.4954, 700961.5013, 704167.0038, 701852.9962, 705248.5042, 
704010.9984, 706243.4994, 705635.0036, 710970.9962, 710381.7048, 712772.5005, 711761.4999, 717135.5016, 723600.0012, 723768.5029, 731694.0043, 730158.5038, 732332.0016, 736385.5013, 737439.4996, 733802.0009, 740992.0028, 741961.4952, 739814.4998, 738326.9956, 739632.002, 737624.9965, 737772.5043, 734284.5028, 735554.9991, 740265.0009, 743145.4963, 745773.0042, 745274.4969, 751034.4981, 754562.4982, 752950.4997, 753355.5037, 757172.5011, 756823.0012, 758720.9979, 766137.5049, 767427.9955, 771028.5049, 
767358.4954, 773713.4963, 772694.9979, 775696.4987, 777606.0021, 782149.5016, 780465.5036, 779516.4952, 785825.4993, 782888.9999, 784489.5017, 782725.9965, 783830.5004, 781554.5019, 783601.4959, 783310.9991, 778056.1033, 778931.5027, 776670.9998, 778153.4954, 776753.4961, 773322.9981, 770680.5045, 765045.9974, 760205.5029, 757541.9954, 753399.3012, 751856.8027, 748423.9954, 747485.3041, 745831.6974, 747781.5993, 744130.9042, 741671.8981, 737746.6017, 737576.1005, 731178.002, 731066.6039))"
pub_las.13,Renfrewshire,S12000038,26924.1,"list(c(250424.4996, 252851.7961, 251068.8017, 250999.9966, 243697.402, 240058.354, 238640.9963, 235922.0968, 234904.9036, 233117.7041, 231766.0006, 229594.0041, 229543.9978, 225785.9979, 229245.9966, 235249.9017, 235950.7978, 237550.1995, 235407.2999, 237074.7975, 244896.3016, 250424.4996, 668812.9038, 667013.2989, 665136.3962, 661554.9014, 659280.6013, 655507.0942, 657461.3031, 655117.0042, 656775.9993, 655023.9008, 659982.5015, 660220.0035, 661969.0028, 664236.0039, 665600.0035, 664012.098, 666268.3022, 
666297.4038, 672097.4036, 674548.2021, 673367.1002, 668812.9038))"
pub_las.14,Scottish Borders,S12000026,474268.72,"list(c(377415.8, 379573, 386122.3, 391501.85, 391845.69, 395284.5, 398018.1168, 394698.7967, 394724.9006, 392712.5038, 388998.9407, 389589.7034, 384470.6995, 385346.1024, 380853.3026, 378943.7959, 380665.8017, 381891.0013, 384939.3982, 387371.8974, 389634.0041, 385461.5992, 383607.3014, 378846.9, 378704.4006, 376070.4993, 369956.4979, 367084.8009, 364622.0011, 358992.6032, 361224.7968, 359931.996, 357677.7963, 355296.01, 347472.9996, 345325.9032, 342471.999, 345164.0032, 341501.4976, 343860.5003, 
343028.4994, 338999.5008, 336816.4972, 333832.5024, 330220.4978, 328636.4979, 325616.0022, 322953.4988, 318187.1032, 316491.2013, 317580.4976, 321283, 316895.4979, 314355.4996, 306876.9984, 302871.4982, 303918.4973, 306233.4961, 306220.501, 303720.0964, 306774.79, 306599.64, 312320.05, 309679.13, 307765.9973, 310729.9979, 314309.5004, 315758.504, 318948.6006, 320158.2994, 325808.4997, 329293.0026, 331511.9959, 330816.5003, 332620.9979, 340470.1971, 341970.5014, 345565.9994, 347444.4964, 351430.9999, 
353745.9987, 358191.9995, 362876.497, 366642.0988, 364447.9974, 365441.9972, 368548.0024, 370895.5032, 377415.8, 672672.7, 671033.6, 671131.1, 669357.41, 666311.5, 664483.9, 657600.3582, 655530.9957, 652080.2035, 649493.8038, 647266.2502, 645856.395, 639874.3973, 638635.1021, 639320.5959, 637708.6973, 637299.4044, 631888.6032, 629130.2028, 620178.8951, 619406.5962, 614972.0955, 615480.0001, 612748.602, 608184.3985, 606192.2987, 606849.8005, 603343.1043, 602784.1043, 596399.002, 594942.0991, 592345.3024, 
592130.6038, 586771.45, 582972.4953, 579663.3026, 586969.5012, 593912.0039, 594000.0987, 596860.0001, 599187.004, 599993.5031, 597666.9991, 597982.6987, 606949.0021, 607881.9951, 606490.5034, 609802.4953, 606123.2985, 606814.4006, 611862.9955, 615772.4964, 617549.4978, 614011.5005, 613187.9962, 616721.0049, 622882.5012, 625888.0009, 630893.4991, 636373.0996, 636866.65, 640501.06, 647217.83, 648788.77, 654099.2955, 658400.5043, 659831.5047, 656338.6045, 656648.4958, 654293.3, 657131.0977, 646906.0046, 
648175.5012, 649855.5003, 652347.4969, 658820.904, 655931.2011, 659326.3993, 658586.0012, 661505.4955, 659686.4962, 661685.0041, 659652.4959, 663212.3969, 666703.9974, 668853.0023, 668874.4961, 665789.9991, 672672.7))"
pub_las.15,South Lanarkshire,S12000029,177401.6,"list(c(262088.5979, 263940.2985, 268133.2006, 270589.7012, 271680.6959, 279625.3977, 282867.3969, 289280.4961, 300354.9984, 302581.7008, 308557.5, 309679.13, 310931.7, 312368.78, 306599.64, 306774.79, 303720.0964, 306220.501, 306230.0002, 302703.9998, 304665.4998, 300094.5039, 300238.9986, 297189.4968, 297273.2996, 294454.5028, 292281.7973, 291638.3033, 288970.0036, 284620.9977, 280243.9999, 275526.0028, 272612.0003, 272115, 276649.4993, 271564.0035, 268835.4985, 264682.5024, 259830.4983, 258660.4994, 
263075.91, 261201.43, 258813.503, 260448.0039, 260429.6999, 256901.2012, 261921.9982, 260084.001, 262088.5979, 663444.9004, 661002.7994, 662167.0961, 660634.1049, 657896.1987, 650708.0962, 653892.8046, 654381.5047, 658585.0015, 655803.7976, 653440.5, 648788.77, 647257.65, 647868.78, 640501.06, 636866.65, 636373.0996, 630893.4991, 625815.0018, 617666.5043, 614182.6015, 611244.5025, 604939.4973, 603693.604, 601344.6963, 600997.9956, 603484.4038, 609025.8976, 610394.9957, 618242.4994, 620067.9969, 619598.5012, 
621753.0045, 623938, 630856.9989, 635081.4993, 632401.4964, 633101.9959, 630753.998, 632111.9993, 636727.91, 637902.98, 644585.9987, 646467.0002, 650663.599, 655214.5963, 658550.7013, 661215.3985, 663444.9004))"
pub_las.16,Stirling,S12000030,225481.6,"list(c(237551.5022, 241479.0041, 244477.9967, 244515.9981, 247655.503, 254698.5002, 256745.9962, 258619.002, 267512.0012, 269267.4984, 270796.5038, 266826.4986, 264397.9983, 264489.9967, 261755.0028, 261753.5022, 269113.4972, 271445.4973, 273910.6963, 275928.5019, 279800.6959, 282277.7019, 283927.0027, 285569.5013, 286583.0997, 284913.3016, 283437.8974, 284659.5022, 282926.2996, 283916.5974, 286023.2023, 285852.0019, 288159.2008, 287104.5008, 277184.2, 274190.5997, 269432, 266889, 265327.0023, 263054.6965, 
257326.0033, 257354.2014, 254313.7032, 252448.5962, 248452.9983, 247462.5027, 245335.5984, 244449.9964, 245964.9027, 238793.9999, 239000.0028, 235983.4977, 233253.5003, 232746.5032, 233318.999, 235404.4965, 234127.5015, 235693.5024, 227830.3031, 228082.503, 223799.4988, 226658.0038, 231558.4971, 232100.5027, 235853.0031, 237551.5022, 734670.0024, 737772.5043, 737624.9965, 739146.501, 738413.001, 741961.4952, 740992.0028, 733802.0009, 737439.4996, 736280.0015, 732332.0016, 730158.5038, 731694.0043, 
723768.5029, 723600.0012, 717453.5006, 711854.0034, 712772.5005, 710381.7048, 710970.9962, 705635.0036, 706243.4994, 704010.9984, 705248.5042, 701944.7999, 697127.0989, 696841.0008, 695176.7972, 694531.5019, 692057.4001, 693002.6995, 689502.7014, 687311.8985, 685923.296, 685730.0013, 683518.1045, 683591.5, 681317, 684043.5041, 681868.6966, 683933.9954, 676224.0024, 676507.5012, 678909.9035, 678893.9981, 681721.9986, 682625.2001, 686678.3998, 688139.1017, 689917.0028, 693968.0032, 695316.9971, 702840.0036, 
710307.4961, 712832.5033, 713035.9951, 714945.9983, 717569.4974, 718081.9007, 720314.0018, 723449.0044, 728590.0028, 730246.9985, 733038.9993, 732957.5026, 734670.0024))"
pub_las.17,West Dunbartonshire,S12000039,18277.46,"list(c(238422.898, 245964.9027, 244449.9964, 245335.5984, 247462.5027, 251085.4979, 250907.9983, 244896.3016, 236691.4022, 236891.9963, 234235.0006, 237946.3994, 236779.5007, 238422.898, 690979.8986, 688139.1017, 686678.3998, 682625.2001, 681721.9986, 675842.0017, 668897.7995, 673367.1002, 674686.2026, 680244.5015, 682061.0016, 683866.9046, 686673.0014, 690979.8986))"
pub_las.18,West Lothian,S12000040,43157.8,"list(c(302261.5039, 300352.5001, 290754.004, 292623.5, 290544.7031, 293006.901, 287753.9973, 285577.1033, 295950.8, 300305.899, 304242.5035, 306485.9505, 310562.27, 311562.767, 309721.7011, 311124.2025, 309580.7023, 311505.6025, 309813.1965, 313333.4996, 311175.73, 312963, 307774.4004, 302261.5039, 656046.998, 658585.0015, 655529.996, 659191.29, 664253.6988, 666761.1011, 665941.5957, 668234.0995, 673744.7021, 679365.5031, 678038.303, 680192.1228, 679557.12, 679060.24, 677012.7966, 674331.6041, 674049.8047, 
672109.8001, 669236.0027, 668619.6991, 662333.43, 659845, 654051.3015, 656046.998))"
pub_las.19,Highland,S12000017,2647404.94,"list(list(c(222896.717884464, 220470, 221822.9, 217855.5, 218755, 224766, 225752.5, 228376, 233036.5, 235959.26, 237092.16, 236628.978448464, 239080.5, 237841.5, 239306, 240973.61, 245709.5, 239200, 244753.5, 246206, 247643.5, 247432, 250029.5, 254737.5, 257183.1599, 258326.5, 259147.04, 261089.5, 259991, 258992.355475499, 259092.32, 262878, 266050.46, 268552.5, 271158.59, 271364, 273515, 276425, 279531, 282770.5, 284005.1, 296323.59, 304107.75, 310918, 310048.95, 311449.5, 315315, 320361.465, 321559.5, 
318037.523, 320230.1, 323948.28, 331134, 332683.34, 340273.5, 339477.84, 337772.128, 338074.22, 334315, 334829.4, 339027.8, 335289.8, 328598.2, 319105.6625, 311360, 297220.9377, 293665.6, 291197.5, 282882.4, 280751.23, 281048.5, 281364, 283805.5, 274755.2, 268873.4, 264679.6001, 261462.5999, 264187.7987, 270218.896, 272239.2988, 273264.5969, 279526.0035, 278530.0001, 284898.9965, 289621.5036, 292501.9982, 295004.1021, 282448.4983, 278774.3263, 278450.5012, 276249.0039, 271255.76, 264506.998, 263552.0963, 
260848.7963, 256442.6027, 267983.2972, 271518.4991, 273843.4002, 278649.1, 281230.4967, 274583.8973, 275094.7036, 270488.1962, 266219.7033, 256501.2227, 261928.5036, 257850.0017, 263275.9032, 267016.7039, 269575.6988, 277455.0997, 275888.8019, 278903.4024, 288301.629, 294683.0311, 297672.2039, 296963.2029, 298822.1013, 298005.997, 300430.2016, 309936, 311195.054, 315756.37, 316426, 309968.5, 312727.14, 311747.16, 313771.5, 313218.82, 312284, 307040.84, 301923.4976, 299894.9982, 296146.9995, 294027.4994, 
295020.5016, 293453, 293881.5041, 290468.5023, 284764.9977, 281436.4995, 280244.5028, 276852.5012, 276172.0033, 271477.9993, 267698.9992, 266034.9975, 259591.4987, 257868.5036, 255230.9992, 250876.5021, 245693.5001, 244458.4971, 241773.9959, 241361.9984, 237269.0017, 233603.9978, 233582.5029, 236715.5025, 238885.0007, 238924.5028, 226220.9991, 219038.5037, 215998.5002, 211779.9972, 209677.0036, 211733.4236, 209623.3036, 208643.9964, 211072.002, 202985.5017, 201790.0008, 197672.4997, 196083.1983, 
197709.5, 200818.12, 202710, 207313.68, 218358.02, 206387.13, 205052.08, 201120.24, 210185.43, 210023.13, 205467.24, 197131, 209811, 202569, 200930.67, 201698.57, 199027.5, 197603.5, 187200, 184184, 185676.5, 181278.5, 173351.5, 168146.3, 169810.04, 167564.91, 160065.5, 154647, 154587, 159597.5, 160503, 157956, 159433.5, 164981, 162513.5, 170728, 175915.27, 183019.5, 175667.5, 172536.5, 168960.5, 164886.5, 158328.5, 156607.5, 151933, 143855, 141875.5, 141532, 146722, 156750, 157946, 160809.5, 163468, 
162671, 164139.5, 168471, 162659.5, 163372, 166205, 163986.5, 164852.5, 173280.5, 176069.75, 175350.5, 172922.5, 169116, 173138.5, 172494.5, 163218, 161143, 163035.5, 165589.5, 162602, 165351.47, 167493.88, 173827, 174848, 179137.05, 186037.5732, 180004, 177616, 176582.04, 173104, 171808.5, 170701.5, 169855, 174743.5, 182647.5, 185999.5, 194698.5, 186406.5, 184460.1, 178635.5, 176435.5, 180908.35, 179390.5, 180736, 187190.5, 193391.21, 194549.03, 191837.11, 188052.5, 191686.4277, 187591, 175026.5, 
176063.5, 178528.4, 178254.1, 187417, 192471.41, 191418.14, 186157.81, 183350.1, 181187.5, 183576.4, 182812.8, 174868, 172131, 171106.5, 170139.5, 170932.5, 168743.5, 167836, 170739.5, 172301, 176125, 178225, 178227, 178664, 181468.5, 181332, 183233, 183207.5, 188479.4946, 189219.2, 185329.29, 180552, 175832.5, 172166, 174282.5, 177409, 180520.43, 181322.9, 180026.18, 176257.63, 173213, 173826, 180867, 182249.2, 185828.4751, 184792.5, 187344.1, 186309, 187418.38, 183939.5, 183307.5, 185808.5, 189139.9, 
190357.6, 194313, 197348.5, 202842.6, 208309.6, 202198, 199043.9, 198529.5, 200921, 202915.9, 208205.5, 214648.3, 217716.8699, 216201.7, 209184.8, 211763.5, 211123, 204321, 201550.5, 198167, 198689, 196143, 198300.5, 201688.6, 203289, 205369.5, 207529.5, 205555, 207966.4998, 205850, 209354.6827, 205337, 207236.5, 205274.5, 205716.5, 200233.5, 202083.5, 205871.5, 209800, 207650.5, 208761.5, 209860, 213308.5, 214658.48, 214397.5, 216890.5, 216266, 217753, 220722.5, 223627, 227461.5659, 224338, 228726, 
220747, 217870.85, 216310, 216761.1311, 214823.5, 213520, 215460.3, 214288, 216509.5, 223524.8, 220623.5, 222937.5, 219280, 218167.5, 220633, 218038.5, 220677, 222896.717884464, 955199.064137725, 956210, 956871.8, 959967.5, 963476, 969465.5, 974940.5, 972956.5, 973301.5, 971122.36, 968836.38, 968078.041076766, 969221.5, 971455, 971908.5, 967748.4, 965612, 954475, 958029, 962179.5, 962492, 960910.5, 968653, 968158, 964768.9876, 965715, 962183.231, 963964.5, 960176.5, 959720.632984266, 958853.91, 963364, 
964100.4, 962119, 962505.54, 964914.5, 963629.5, 966581, 964758.5, 969968.5, 966163.1, 965564.65, 971827.8, 971615.5, 969959.75, 968822.75, 970368.3, 968211.858, 970601, 973371.741, 976907.1, 973581.92, 975389.5, 972818.18, 973618, 968086.29, 967615.197, 964521.2, 959663, 955203.7, 954270, 943039.7, 935859.4, 932088.8375, 921309, 910101.2959, 908831.8, 903081, 899491.2, 889407.72, 887389, 888601.5, 887514, 886249.7, 889202.3, 887834.2996, 890078.2973, 887661.3991, 888071.1018, 884895.101, 885965.4046, 
884502.5033, 883751.9982, 886839.5044, 883546.9969, 887085.504, 887762.9001, 868922.0032, 868870.7017, 871567.9958, 871846.4961, 868281.9377, 867731.1041, 865532.4035, 864683.5964, 858494.2981, 867162.3969, 867332.4982, 865562.6048, 867880.8012, 867023.9965, 859434.0991, 855699.3981, 855053.0032, 847791.2018, 848009.7918, 847475.0023, 846418.8047, 846077.9023, 847656.7003, 846683.199, 853784.2963, 856657.8038, 858892.1042, 857161.8669, 861817.5534, 854304.6974, 850030.9007, 849046.9024, 839712.0045, 
838752.6991, 842155, 839554.64, 837179.06, 832397, 823967, 822076.2, 817415.66, 815638, 812422.56, 810489.5, 809412.4, 803376.4954, 803989.9998, 799971.5001, 799724.0009, 797522.5011, 795452.5036, 790464.5014, 784179.5005, 782872.0047, 785679.0012, 780384.9966, 779311.5039, 780750.2021, 780139.9968, 782149.5016, 777606.0021, 775696.4987, 772694.9979, 773713.4963, 767358.4954, 770607.9953, 767427.9955, 766137.5049, 758720.9979, 756823.0012, 757172.5011, 753355.5037, 752950.4997, 754562.4982, 750168.496, 
745505.5008, 746533.4965, 742920.5007, 741431.9968, 741684.4046, 745530.5269, 742490.4038, 743899.0006, 750643.1002, 753519.4968, 749416.5013, 749989.4972, 752616.5952, 757152, 757508.01, 759622, 758355.85, 762037.17, 759264.03, 760970.56, 761355.9, 774097.43, 776302.54, 778239.37, 778978, 775667, 767651, 764735.18, 763407.99, 761226.5, 762240.5, 752372.5, 752731.5, 751137, 744860, 739988, 744228.25, 747723.18, 744229.09, 746744, 754611.5, 758046, 758054.5, 758568, 758825, 759988.5, 754530, 758487.5, 
762967.5, 759856.02, 760733, 760262.5, 763751.5, 764526.9, 759980.5, 761940.19, 760435.5, 763013, 762878, 764766.5, 767571, 771094, 771242.5, 772943.5, 769236.5, 769489, 772720, 771834, 773205, 773305.5, 775604, 774287.5, 775419, 777950.5, 778653.5, 781499.05, 782527.5, 779290.5, 780658.5, 783304, 784479, 782579, 783696.5, 786160, 785324, 787792.5, 789979.42, 797320.67, 798108.5, 795006.5, 792436.96, 794773.52, 793643, 795272.5, 800055.03, 799209.5, 801515.5, 801089.5, 803556, 809202.5, 808882, 805163.5, 
807107.5, 806727, 810364.51, 811680.5, 814462.5, 819076.74, 821182, 823654, 825594.5, 818855.6, 820915.81, 821537.32, 825879.5, 829755.6498, 825785.5, 827506.7, 831138.5, 832155, 833896.6, 834716, 840062.21, 840697.53, 835265.63, 835075.4, 836921, 838801.8, 840562.4, 835185.5, 834776, 837874.5, 836703.5, 844483.5, 845798, 849204.5, 860974, 861514.5, 856607.5, 856061.5, 857877, 855178, 852601, 856505.5, 853674.5, 854919, 854522.3381, 855892.9, 857506.69, 856541.5, 865460, 867427.5, 873845.6, 874883, 
872551.97, 873889.09, 877161.64, 877462.14, 879744.5, 891833.5, 892964.5, 884707.6, 881077.4751, 883559.5, 883493.1, 884839, 888570.71, 890890, 894752, 898519.5, 897697.1, 891982.1, 890144.5, 896225.5, 891113.3, 888756.5, 895676.3, 896499.8, 898634, 899415, 896512.8, 896631.5, 891561.1, 886099.1741, 890954.3, 897381.3, 899057.5, 900891, 903629.5, 909278.4, 909975, 912125.5, 915000, 918192.5, 913951.6, 915114, 913168.5, 917257, 919295.5, 919331.5037, 921201, 922229.5698, 923226, 924481, 923966.5, 
925584, 932412.5, 935653.5, 931099, 933590.5, 934593, 935747.5, 933543.5, 933746, 931560.15, 934418, 933319, 935184, 935487.5, 932726.5, 933521, 929126.8844, 933044, 933404.5, 933932, 936949.03, 936403, 941129.8329, 941001.5, 944683, 944831.5, 945890.5, 951424.5, 947119.26, 950095.5, 950827.5, 950653.5, 951632, 951551, 953132, 955630.5, 955199.064137725), c(223226.219081714, 225255.9, 225510.5, 223226.219081714, 955061.798665255, 952235.7, 954110.2, 955061.798665255), c(257348.295982755, 256969, 
257562.473, 255557.55, 258783.859, 257304.5, 257348.295982755, 958970.14321913, 958797, 956674.966, 952849.623, 956549.478, 958942, 958970.14321913), c(236428.587998096, 236121.19, 238219.77, 235221.63, 236960.49, 236236.5, 238349.87, 236428.587998096, 967749.954006254, 967246.67, 965647.28, 962852.86, 964085.9, 961503, 965849.2, 967749.954006254)), list(c(335396.4998, 335996.699, 334170.0964, 335396.4998, 979400.699, 976469.9979, 975662.3991, 979400.699)), list(c(262763.4974, 264748.5041, 263595.4983, 
262763.4974, 966230.9988, 965589.5025, 964686.0011, 966230.9988)), list(c(215051.4973, 212378.704, 214040.0014, 215051.4973, 948091.0013, 947665.903, 949022.0048, 948091.0013)), list(c(208372.0001, 210089.5041, 210091.7962, 208372.0001, 899981.5025, 900030.4985, 898801.1004, 899981.5025)), list(c(198609.5015, 200208.4991, 199319.5002, 197921.5006, 198609.5015, 908964.0013, 907111.5016, 906250.9979, 906925.5048, 908964.0013)), list(c(192735.0026, 193160.0025, 191838.5006, 192735.0026, 902997.9991, 
901789.505, 901561.5003, 902997.9991)), list(c(184396.5002, 186143.4968, 184110.5038, 184396.5002, 890095.7023, 886978.0047, 888300.4962, 890095.7023)), list(c(140817.5019, 144161.5008, 143732.9967, 146721.5015, 147344.6962, 149888.9984, 152859.3971, 151282.4962, 148176.2952, 152306.4998, 150891.804, 153558.8999, 150052.8874, 155833.4978, 156681.5024, 154492.4964, 157804.9991, 159355.998483166, 157737.9998, 158276.5012, 162355.4978, 163620.4963, 160835.239162098, 163579.5019, 164975.4979, 173785.7477, 
176390.0017, 175178.4972, 180145.5034, 178491, 172523.0021, 170368.3038, 170174.7015, 171431.0015, 169809.0001, 166770.1014, 162065.5025, 157235.0016, 155117.9997, 157524.8547, 157993.003, 167550.4965, 158651.9978, 156590.0976, 156695.1974, 152988.4983, 151215.9998, 151734.4987, 148519.502, 147943.9968, 138726.4967, 141300.4975, 136517.4964, 135396.0032, 137384.0028, 137926.9978, 134305.5031, 130001.4988, 130156.4977, 133445.502, 133507.9996, 139213.4994, 135170.5997, 135292.9976, 131014.9982, 132147.1028, 
130578.0017, 130791.6972, 130289.103, 128008.9973, 128043.7997, 125314.9978, 125532.5025, 124299.9978, 116472.4996, 115266.5027, 113987.9988, 112563.4996, 113329.4988, 116917.8978, 115402.0021, 117656.0039, 121738.3975, 123960.4002, 124931.1985, 121740.5, 124699.504, 126295.0965, 126917.7965, 122406.099, 121584.5034, 123235.5027, 126263.9961, 126992.1999, 130512, 132805.001, 135014.9989, 134050.4999, 136735.0011, 141062.8733, 140816.1991, 141956.7962, 138635.0012, 137019.0022, 139459.7959, 137378.0004, 
135879.5018, 140436.4976, 140817.5019, 877038.9997, 876772.3961, 875031.6044, 872802.5024, 868914.8952, 868239.4986, 862868.396, 845360.4976, 842862.6822, 841417.9961, 838763.1961, 833291.6023, 831329.8039, 832108.501, 829743.4979, 827208.0037, 829108.9995, 828276.087503751, 830926.4993, 832711.4983, 832207.0028, 828091.1009, 827481.711103479, 826007.9972, 823395.2951, 826718.7688, 826211.9988, 825063.4976, 824182.9996, 819026.9955, 815028.5, 815689.8008, 812800.3978, 812239.4984, 809777.5031, 808505.6972, 
801463.1031, 799194.0026, 802442.0029, 805190.6345, 810700.4989, 817062.3978, 815509.7023, 821930.0045, 817671.1036, 811150.5001, 812696.4976, 818108.9983, 819682.4979, 817007.0037, 815978.998, 820026.9992, 819714.4987, 823466.5047, 823697.4986, 825578.5001, 824236.5043, 831361.5048, 833424.0044, 834846.0973, 836411.9991, 831359.9952, 836293.0032, 838120.3001, 835543.9976, 838473.499, 839693.9996, 842799.0008, 843795.2956, 839986.4959, 843786.3982, 842367.3044, 836790.0009, 836160.5011, 840939.0032, 
846296.4997, 847607.0046, 846883.0018, 850955.4961, 849807.8046, 853672.9982, 856885.9985, 848732.4024, 848926.7968, 847255.8951, 855365.5037, 855970.0007, 854193.1993, 855522.0989, 860763.4986, 860051.4024, 867118.9993, 864720.4959, 860169.5986, 858275.0009, 854271.4969, 856214.5007, 851855.5984, 857268.9988, 850212.4789, 852198.2003, 851846.1011, 855704.4967, 860988.0043, 863626.8989, 863525.4979, 869992.4968, 872950.9999, 877038.9997)), list(c(172453.4962, 174600.9966, 173769.004, 172453.4962, 
878020.9986, 878201.497, 877105.5007, 878020.9986)), list(c(168183.5028, 170094.5018, 168661.502, 168183.5028, 836227.002, 833571.0023, 833712.5018, 836227.002)), list(c(167529.0016, 168283.4989, 166922.9978, 167529.0016, 828203.4987, 826778.4966, 826030.0009, 828203.4987)), list(c(163301.9979, 161692.9989, 160745.9959, 161773.5037, 160568.4963, 161809.9963, 161503.9974, 163301.9979, 861834.502, 853776.4986, 856014.9978, 856902.0039, 857399.0016, 857446.498, 860433.0032, 861834.502)), list(c(160299.5011, 
161352.8984, 158088.4973, 160018.9959, 156251.4977, 154107.9962, 154815.0019, 156565.5026, 159083.9977, 158340.4994, 159025.499, 159121.4963, 160852.0027, 160299.5011, 854474.9986, 850257.4959, 844883.0043, 836819.0026, 833667.0048, 836125.701, 844141.9964, 848392.4997, 847611.0034, 851567.5009, 852353.4959, 850433.9953, 851864.4959, 854474.9986)), list(c(148280.9971, 149924.9964, 149430.4988, 146561.0032, 143823.2966, 143762.4975, 146769.0013, 146485.9979, 148280.9971, 791478.5012, 789041.4987, 
785108.0047, 783264.0025, 785000.0956, 787021.9968, 788199.9996, 790524.5042, 791478.5012)), list(c(147181.9964, 146834.5001, 145470.5032, 145762.9967, 143197.4965, 142659.0033, 147181.9964, 815847.9955, 814097.9964, 814473.9988, 812669.4953, 812805.9962, 814577.999, 815847.9955)), list(c(139875.9983, 142604.0005, 142785.499, 139569.4964, 139875.9983, 781348.5008, 780636.0048, 778637.9967, 778740.9972, 781348.5008)), list(c(137590.5993, 141680.9989, 142338.5013, 140657.3993, 142775.4977, 141129.5032, 
137843.5001, 129305.7774, 137590.5993, 804999.6008, 802054.004, 800145.0004, 799247.4973, 798381.9951, 793606.0022, 790874.504, 799548.2801, 804999.6008)), list(c(120305.9995, 126928.4986, 129288.4989, 126483.9991, 126289.0034, 121299.0017, 120305.9995, 805000.1006, 806854, 803778.5003, 803829.4957, 805266.0045, 803849.9999, 805000.1006)))"
pub_las.20,Moray,S12000020,225763.49,"list(c(352324.3877, 352177.431, 353998.2976, 351662.1008, 357026.7003, 357679.1979, 361185.4019, 357071.8008, 354645.403, 352848.7959, 350199.8969, 347051.0009, 345149.5001, 341807.1997, 338888.2997, 342739.3039, 338567.5008, 342704.5015, 340934.5012, 342769.0026, 340754.5033, 338627.5002, 334245.0028, 327189.0032, 325025.4992, 318269.4961, 320053.9994, 317179.499, 313898.5006, 305991.0006, 305717.0007, 303532.4965, 300318.4975, 299137.4997, 298082.5029, 299894.9982, 302208.0017, 307203.99, 312296.5, 
313771.5, 311747.34, 312727.14, 310091, 316802.5, 315250.5, 311795.605, 309941.5, 300430.2016, 298005.997, 298822.1013, 296963.2029, 297672.2039, 295563.4965, 294686.7479, 302598.7128, 308744.2, 310822, 310791.31, 319701.21, 323984.2, 330000, 338738.87, 346642.5, 352324.3877, 867640.7412, 864247.575, 862483.5962, 858062.6017, 852911.3962, 849156.401, 849010.6028, 845867.6025, 848219.9991, 846729.3958, 850116.7961, 849483.9973, 845350.4005, 845583.4038, 840372.5954, 839093.2016, 835438.9976, 832334.4963, 
830741.5023, 825700.2953, 821219.4979, 819460.5014, 822045.5015, 819031.0043, 813059.5037, 810517.5013, 805236.503, 801867.4973, 802499.4964, 800140.0018, 801679.0013, 800355.0003, 800910.5013, 798727.4962, 801733.0958, 803989.9998, 803578.9974, 809537.19, 810499, 815638, 817414.48, 822076.2, 824783, 834004, 837915.5, 839066.83, 842153.5, 838752.6991, 839712.0045, 849046.9024, 850030.9007, 854304.6974, 857000.0958, 862634.1433, 865565.4042, 864907.9, 866831.5, 869330.95, 871559.63, 871334.8, 867153.25, 
864333.99, 868490.32, 867640.7412))"
pub_las.21,Orkney Islands,S12000023,108654.6,"list(list(c(378166.7979, 379106.1, 377127.4007, 377699.4018, 376065.2967, 374391.203, 375393.0027, 378166.7979, 1056495.301, 1055025.8016, 1054971.0973, 1052192.1027, 1051261.2992, 1052443.5008, 1055637.9964, 1056495.301)), list(c(367977.84, 368297.14, 370320.96, 367291.9, 369650.84, 372330.31, 374255.292, 375925.16, 376625.4, 378925.9, 372964.35, 370632, 371192.3, 369722.8, 367944.75, 367448.25, 366923.9932, 363739.1, 360417.81, 360295.9, 366242.01, 364619.7, 365429.61, 366894, 367977.84, 1048438.62, 
1046831.32, 1046518.44, 1042111.8, 1042396.5, 1045278.18, 1044981.081, 1047565.17, 1044344.7, 1043427.9, 1043542.44, 1039499.2, 1037390.1, 1038928.3, 1039008.64, 1037098.21, 1039089.1473, 1038842.65, 1033260.72, 1037416.2, 1042642.99, 1047047.1, 1044969.29, 1045345.3, 1048438.62)), list(c(364134.13, 364337.8, 367483.01, 365470.74, 365995.78, 369387.45, 369311.6, 367555.81, 365339.04, 365430.48, 363881.84, 362532.1, 362912.31, 360555.67, 361688.7, 364438.3, 361418.82, 364134.13, 1030842.87, 1028698.2, 
1028474.46, 1027933.71, 1025652.75, 1026238.11, 1021102.8, 1021995.32, 1020683.25, 1023347.92, 1024651, 1023920.8, 1021050.65, 1021477.64, 1024871.58, 1025976.4, 1029815.73, 1030842.87)), list(c(366494.7018, 367189.1009, 365741.4001, 366494.7018, 1030237.7971, 1029310.2026, 1028897.4008, 1030237.7971)), list(c(359439.9967, 361866.0977, 360754.3007, 359439.9967, 1002201.9023, 1001802.6965, 1000626.4033, 1002201.9023)), list(c(331563.93, 336402.81, 338678.72, 340243.1, 339315.07, 342622.05, 342143.06, 
338981.664, 339282.6, 335538.878, 336657.02, 339424.12, 342249.6, 344897.43, 346686.12, 348530.39, 347624.51, 349084.5, 347286.2, 349145.8, 350807.25, 352648.5, 353955.34, 354612, 351689.3526, 352395.6, 354251, 355164, 353407.9, 359411.1, 359083.84, 354884.05, 352078.87, 350782.39, 348411.4, 348247.318153703, 346131.98, 344313.07, 331478.99, 328682.3, 328212.88, 325449.85, 321943.57, 321622.8, 323475.4, 322324.6, 324595.4, 323352.5, 331563.93, 1030321.74, 1026814.79, 1026807.68, 1024737.1, 1023960.09, 
1020980.82, 1017173.34, 1018427.789, 1015674.8, 1014250.419, 1013414.78, 1012778.27, 1014168.8, 1011240.31, 1014701.24, 1013929.76, 1012038.57, 1012014.5, 1009101.5, 1008499.2, 1011292.3, 1010742.7, 1012135.21, 1008795.8, 1007834.2578, 1004643.4, 1003908.6, 1004608.1, 1006697.8, 1009757.9, 1003782.58, 1003304.28, 998562.88, 1000750.5, 1001233.7, 1000756.10140207, 1001185.2, 1008412.51, 1002963.77, 1006926.2, 1011279.85, 1007575, 1009484.12, 1015041.9, 1019420.5, 1024876.4, 1027728.4, 1028600.4, 1030321.74
)), list(c(348137.335966372, 347429.84, 349054.7, 348895.77, 350719.1, 348100.867, 349416, 346362.08, 346680, 343545.1, 343434.61, 341004.9, 343247.89, 342069.24, 340211.07, 341467.6, 344850.79, 347998.3, 342971.7, 347278.26, 346834.6, 348137.335966372, 1000435.9725173, 998376.64, 998884.1, 996754.24, 996531.5, 995268.262, 992731.4, 990022.81, 983148.9, 983699.9, 989141.34, 991461.5, 991955.63, 993581.1, 992893.58, 994414.9, 993652.48, 995422.2, 996595.3, 996808.55, 999333.5, 1000435.9725173)), list(
    c(357924.3978, 358856.6999, 357483.9961, 357924.3978, 1040288.2002, 1038243.2955, 1038782.1013, 1040288.2002)), list(c(356793.29, 356598.13, 358250.13, 356532.55, 357893.78, 354889.3, 352789, 355543.68, 354910.69, 356793.29, 1040758.66, 1038612.21, 1037604.3, 1034077.45, 1029302.63, 1027908, 1034062.2, 1034070.59, 1039006.81, 1040758.66)), list(c(354052.7975, 352870.299, 353860.0032, 352628.1993, 346484.1035, 348341.3035, 350976.4003, 354052.7975, 1022607.6012, 1018076.7981, 1015963.3031, 1014861.4985, 
1016296.2978, 1021579.9954, 1019201.8961, 1022607.6012)), list(c(345727.5, 347257.37, 343851.48, 348654.2, 349949.3, 351304.52, 352379.62, 351134.92, 349694.1, 350132.28, 347952.34, 346319.6, 343997.2, 339160.8, 342810.1, 345727.5, 1053080.6, 1051698.11, 1048309.33, 1046850.9, 1042536.02, 1042754.66, 1040412.41, 1040798.7, 1038220.6, 1041320.89, 1043771.38, 1044576, 1041612.4, 1049753.84, 1049458.53, 1053080.6)), list(c(350198.66, 350252.11, 348539.2, 348222.49, 350198.66, 1055810.31, 1050139.13, 
1048780.5, 1051874.97, 1055810.31)), list(c(347303.4976, 347440.2997, 346007.2009, 347303.4976, 1031914.0973, 1026544.2044, 1030235.2978, 1031914.0973)), list(c(344903.5005, 345873.3011, 344230.0027, 343165.9033, 344903.5005, 1023113.4964, 1021674.1984, 1020938.9988, 1022606.7015, 1023113.4964)), list(c(338827.5006, 341222.4023, 345667.6033, 344180.7962, 344955.9968, 340568.2968, 337422.8967, 336020.9972, 338827.5006, 1035352.503, 1032787.8971, 1032989.2995, 1030988.7021, 1028010.6046, 1026995.4952, 
1029240.6025, 1032437.4974, 1035352.503)), list(c(345000.0007, 344793.6021, 342000.0022, 345000.0007, 1027159.0984, 1025242.5969, 1025617.1997, 1027159.0984)), list(c(338348.5038, 335965.104, 337944.8009, 337716.0993, 334284.4967, 334109.5035, 338348.5038, 996468.5034, 994523.3002, 994400.1955, 992347.1032, 992652.4958, 994608.9957, 996468.5034)), list(c(322008.83, 330199.5, 330194.81, 332800.9, 327501.74, 333513.23, 334521.48, 328878.12, 328874.08, 324992, 320443, 317285, 319287.5, 322008.83, 1005838.08, 
999638.5, 995267.79, 993174.1, 989502.58, 991624.87, 989199.75, 989194.59, 987730.53, 988526.5, 998505, 999400, 1004764.5, 1005838.08)), list(c(324661.1005, 327280.004, 324800.9037, 324661.1005, 1006720.099, 1004623.699, 1004906.9979, 1006720.099)))"
pub_las.22,Argyll and Bute,S12000035,716614.27,"list(list(c(239380.5041, 242703.5029, 240410.5019, 234161.5041, 236863.996, 234712.0021, 237551.5022, 235853.0031, 232100.5027, 231558.4971, 226658.0038, 223799.4988, 228082.503, 227830.3031, 235693.5024, 234127.5015, 235404.4965, 233096.4978, 232862.2969, 235983.4977, 239085.702, 236788.496, 237946.3994, 234235.0006, 236891.9963, 236691.4022, 233120.4992, 232340.4999, 234980.6015, 231419.0979, 230388.4982, 226119.95, 223860.05, 224033.05, 227581.1, 223019.64, 221362.09, 220760.47, 229352.29, 222106.59, 
220574.78, 219934.1, 218988.8, 219238.8, 221274.18, 218783.4, 219397.67, 215917.46, 218634.4, 213689.4, 209566.6, 208493, 205194.5, 207742.5, 201538.5, 200848.0878, 199703, 197440.5, 199610, 192748, 192937.649, 190465, 192180, 191130.5, 193434, 201019.31, 207513.9, 210257.5, 218853.16, 211689.5, 210834.91, 206559.5, 198971.6, 194768, 192439.23, 191613.5, 188093.5, 185331.27, 184833.5, 187670, 186401, 188274, 190917.5, 192121.5, 187046, 183421.5, 180960.5, 182120.13, 179896, 179850.5, 175508.5, 172070.459, 
173558.3, 176194, 175210, 177074, 171363.1, 166161, 161120.5, 158671, 159000.5, 160000, 165026.23, 165780, 168870.5, 168934.5, 172777, 176031, 181896.0041, 184753.5031, 174475, 173197.4992, 173933.2073, 171888.5, 170377.5, 170764.5, 176268, 174641, 170017.9986, 169581, 177664.5, 175830, 177928.16, 175195.5, 177338.5, 174219.16, 174938, 172473, 173434.5, 172248, 169334, 168414.5, 170090, 168136.5, 173893.0015, 177129, 179761, 178228.5, 182651.5, 181309.05, 175992.5, 176165, 180213.7, 179078.96, 184110.087, 
183084.01, 177151, 178906, 180810, 182515.24, 187034.845, 184079.51, 182554.41, 181516, 183197, 185838.79, 185332.74, 188062, 198783.5, 200614.71, 206986, 209677.876, 215998.5002, 219038.5037, 226220.9991, 239380.5041, 750213.5031, 744960.4968, 745773.0042, 742453.5044, 740265.0009, 736396.9981, 734670.0024, 732957.5026, 733038.9993, 730246.9985, 728590.0028, 723449.0044, 720314.0018, 718081.9007, 717569.4974, 714945.9983, 713035.9951, 712379.0031, 704149.1989, 695316.9971, 693621.0025, 686775.0022, 
683866.9046, 682061.0016, 680244.5015, 674686.2026, 674925.3041, 676483.998, 676438.7009, 678229.5983, 681750.1006, 683531.1, 690902.56, 686000, 680731.3, 680338.47, 683767.73, 688777.94, 704654.2, 693362.93, 694462.57, 701166.85, 700707, 694850.8, 691890.83, 687900.9, 680548.68, 681331.57, 678645.3, 667114.24, 668393.9, 677435.5, 683639.5, 671485, 675654.5, 678836.1607, 673881.5, 671520.4, 664133.5, 667103, 669655.356, 672295, 678790, 684801.5, 684850.5, 697495.53, 700347.53, 705912, 712180.71, 
708773.5, 710113.65, 701936.5, 697573.4, 690617, 690872.46, 686078.5, 683506.5, 686226.01, 680756.5, 669393, 668651.6, 668442, 664414, 658528, 655959, 651430.5, 644333, 636734.37, 636301.5, 631723.5, 621327, 620546.326, 619156.2, 620678, 619596.5, 613035.5, 607348, 607714.1, 605900, 607817, 614420.5, 617883.5, 622902.37, 637419.5, 643780, 649345.5, 652362, 658455.5, 662304.9966, 667836.0034, 657589.5, 657934.9996, 661645.6705, 660820, 662257, 667636.5, 676479, 676545.5, 672007.5002, 675604, 686775, 
686129.5, 688892.85, 687104.5, 690183.5, 687213.86, 686279.5, 682664, 685958.5, 684333.5, 677063.5, 677627.5, 680481, 679094, 690389.4976, 694620.5, 694719, 696977, 704796.5, 705039.86, 698864.5, 701997.5, 708447.42, 710707.59, 712616.072, 714102.67, 712274.5, 721372, 723100.5, 722022.24, 724151.1491, 724306.42, 722549.68, 724211, 728145.88, 729919.96, 732595.79, 734593.07, 734338, 731897.86, 736059.5, 741683.888, 742920.5007, 746533.4965, 745505.5008, 750213.5031)), list(c(147150, 150776.5, 150575.04, 
155130.5, 156886.84, 166667, 168372.5, 170791.5, 173767.4, 175059.5, 174854.5, 173164.0829, 174816.1, 172942.5, 170602.5, 171208, 169156.5, 169808, 165940.7, 171161.48, 171901, 163023.5, 159603.5, 162231.3, 160749.52, 156947, 153537.92, 149930.5, 147795.5, 143712.5, 140006.5, 137079.78, 136037, 135646, 133272, 130707, 128704, 131032.35, 134723.5, 136120, 135306.27, 137821.75, 137548, 141030.2, 146583.33, 151947.27, 153223.3011, 140937, 140365.5, 143985.06, 144499.5, 150254.5, 153873.95, 145737, 144684.5, 
139990.61, 136405, 133201, 133504.5, 137068.6, 135080.5, 134745.5, 137960.3971, 138844, 142847.5, 140780.3, 140778, 142634.5, 142716.5, 147150, 759237.5, 757077.97, 754961.52, 750197.5, 743623.55, 742326, 739357, 739132, 734967.2, 735389, 731555.5, 733242.1274, 730783.2, 727298, 728250.5, 730829.5, 730500, 728885, 725738.57, 727494.52, 725944, 719743, 721159.5, 723524.26, 724823.47, 721237.5, 721518.07, 718496, 719666.5, 717887.5, 718892.5, 718485.12, 716147.5, 717222.5, 716570, 719596.5, 719229.5, 
725688.8, 725164.5, 724241.5, 722828.37, 722127.16, 724871, 723491.1, 724415.99, 726640.43, 729000.0954, 726391.5, 729439.5, 732278.93, 735063.5, 736295, 740573.78, 738749, 741947, 745435.66, 744996.5, 746694, 748580, 751158.68, 751010, 754428.5, 753925.0712, 755145, 751618, 753981.02, 757194.5, 755925, 758058.5, 759237.5)), list(c(142332.5, 143009, 146313, 147474, 144823.5, 143915, 143725.5, 138881.5, 134769, 133047.5, 131096, 128283.08, 126696, 127215, 131967.5, 127607, 132444.5, 130887, 127341.3, 
122768.5, 117904.4, 115661.5, 120087, 120473, 118833, 120876.3, 121224.5, 125163.5, 129287, 132025, 137800, 142332.5, 679442.5, 665308.5, 659735, 650796.5, 647856.5, 648603.5, 646278, 644696, 645469, 641391.5, 639944.5, 640467.01, 641592.5, 644732, 649717.5, 656995.5, 661289.5, 662876, 662818.6, 654632.5, 651073.56, 653726, 659953.5, 663259.5, 664626.5, 666315.23, 671155, 671538.5, 675044.5, 673354, 678538, 679442.5)), list(c(169736.5, 170835, 160769.5, 157942.5, 156975.5, 156504, 155927, 153803, 
151650.5, 147101, 144128.5, 144677, 148645.5, 155578, 159360.5, 157688.5, 157218, 154161, 150086, 153817.0032, 169736.5, 701414.5, 697067, 681988, 673089, 671913, 673137, 670598, 670713, 662587, 663174.5, 667340, 675192.5, 680073, 680751, 682802.5, 681941.5, 683448, 681159.5, 682818, 689643.5011, 701414.5)), list(c(203019.999, 211092.53, 209184.9961, 209603.5979, 203776.4999, 200986.7999, 199460.4, 194024.1014, 189904.4979, 189358.0977, 187253.4964, 187504.0967, 186086.004, 190133.2983, 191991.496, 
197454.5993, 200365.9963, 201529.3992, 196015.6959, 193005.3994, 189771.0021, 195411.0032, 197672.4997, 201445.4974, 203019.999, 753506.0007, 750396.38, 748279.4967, 742432.1005, 734288.0017, 732953.9036, 734942.4044, 736053.6963, 734806.5033, 738853.8048, 736795.0041, 738138.2996, 737430.0024, 743433.6038, 740538.4026, 744252.1995, 744371.9952, 746011.396, 744470.797, 741907.2008, 744701.5009, 752227.9965, 749989.4972, 749285.4988, 753506.0007)), list(c(201371, 207563.5, 206891.63, 208506.9, 208661.8, 
210739.11, 211856, 210261, 211506.5, 209902, 207713, 205777, 204359, 203871, 199113, 198660.5, 201371, 674739, 669701.5, 667478.18, 667190.2, 664857.3, 665272.45, 656947, 655433, 652561, 651697.5, 656179, 658143.5, 657620.5, 665647, 670517.5, 672279.5, 674739)), list(c(107899.4994, 109534.5033, 107424.3036, 107147.5004, 106463.4983, 104732.69, 103954.4026, 99946.0991, 98508.2017, 93266.503, 93844.4983, 91962.4971, 94288.5031, 97928.4997, 100241.5032, 103921.4965, 106249.874, 107899.4994, 750677.5003, 
747152.4993, 747068.1035, 745599.5039, 747223.2991, 746931.12, 743164.7008, 743379.1994, 738737.1982, 739964.4969, 743955.0046, 745693.9968, 747527.502, 748610.502, 747037.5022, 749450.0017, 748596.686, 750677.5003)), list(c(126305, 127360.5, 124119.5, 122670.0979, 122628.996, 116937.9992, 116059.62, 115153.52, 112835.5, 111523, 111328, 114207, 117356.5, 126305, 764512.5, 762518.5, 756758.5, 757200.3235, 755048.4991, 752061.5041, 753603.18, 751860.41, 752967.5, 750761, 753907, 754415.5, 759256.5, 
764512.5)), list(c(142330.9983, 143223.8972, 138913.7008, 139590.0019, 134783.997, 133398.9999, 136550.9961, 133360.0007, 135670.003, 142330.9983, 701197.0039, 699761.5048, 693264.5046, 691359.4999, 686656.4961, 689214.5039, 689791.9986, 690921.9951, 695802.4981, 701197.0039)), list(c(135000.0011, 140272.5033, 145065.4975, 141118.6032, 140072.5029, 138898.9998, 137170.497, 137975.0006, 136647.9992, 134908.0027, 135000.0011, 742356.3022, 742285.5025, 738741.497, 737685.6992, 738988.9961, 737383.9955, 
739859.9968, 741115.9973, 739290.4998, 740271.9988, 742356.3022)), list(c(189526.0001, 184229.0018, 178364.496, 180201.0009, 178814.5032, 182696.0966, 186830.5, 189526.0001, 746258.4952, 739490.5025, 735651.0016, 739286.5009, 739064.0046, 740690.8989, 746108.998, 746258.4952)), list(c(174796.5035, 175985.499, 174410.9974, 172805.9973, 174796.5035, 714628.4992, 711971.1999, 705151.502, 709023.5036, 714628.4992)), list(c(178490.497, 175619.5008, 173976.3013, 178490.497, 721033.4958, 713973.4967, 717688.0034, 
721033.4958)), list(c(166335.496, 166397.1031, 163270.5017, 162786.5002, 166335.496, 654779.0009, 649789.8991, 645562.999, 649053.4998, 654779.0009)), list(c(171190.6002, 172120.9977, 167599.9998, 167734.9962, 171190.6002, 707057.4964, 703344.9991, 702753.9983, 704793.5045, 707057.4964)), list(c(184379.4989, 180777.0009, 178483.497, 180247.0001, 184379.4989, 731369.4972, 725715.4956, 726681.9989, 729714.5009, 731369.4972)), list(c(129152.0019, 128045.0035, 125461.8011, 125912.5009, 129152.0019, 726321.0023, 
722683.0036, 721878.9038, 724576.0018, 726321.0023)), list(c(176418.9996, 177560.9983, 176046.9989, 176418.9996, 710065.4954, 707450.004, 706153.995, 710065.4954)), list(c(171389.9988, 170732.4964, 169696.4962, 171389.9988, 711056.5017, 707190.4983, 708326.5031, 711056.5017)), list(c(148247.3985, 148862.0019, 147437.5026, 148247.3985, 738416.9998, 737574.0011, 737783.0013, 738416.9998)))"
pub_las.23,Aberdeenshire,S12000034,633842.98,"list(c(352897.52, 355885.05, 360337.2, 369597.92, 379409.03, 382396.1, 388618.65, 393059.93, 399873.4, 400910.6, 403629.94, 407324.039, 410938.51, 411796.38, 414139.8, 412511.81, 413822.23, 408666.4, 408577.2, 401981.2, 396527.9508, 392355.8967, 389548.1978, 387706.3995, 383492.2993, 382269.6969, 384716.897, 383312.2025, 378842.7032, 378240.5005, 382891.3993, 381448.2992, 392464.7974, 392906.7987, 394933.2767, 394525.77, 387665.31, 388141.81, 385901.64, 380459.81, 372055.303, 367716.04, 362445.8986, 
359191.3009, 359811.9974, 358284.5009, 353573.0009, 349959.9986, 349453.9992, 346381.5019, 342088.4965, 337705.0015, 334225.0003, 331836.9998, 321934.5, 321852.9975, 316464.9985, 312976.4967, 310757.9981, 306421.5, 304991.996, 303746.0024, 298135.9968, 295966.0039, 294170.9964, 291535.5039, 290468.5023, 293881.5041, 293453, 295020.5016, 294027.4994, 298082.5029, 299630.9996, 300318.4975, 303532.4965, 305717.0007, 305991.0006, 313898.5006, 317179.499, 320053.9994, 318269.4961, 325025.4992, 327189.0032, 
334245.0028, 338627.5002, 340754.5033, 342769.0026, 340934.5012, 342704.5015, 338567.5008, 342739.3039, 338888.2997, 341807.1997, 345149.5001, 347051.0009, 350199.8969, 352848.7959, 354645.403, 357071.8008, 361185.4019, 357679.1979, 357026.7003, 351662.1008, 353998.2976, 352175.468, 352897.52, 868195.6, 866158.04, 866961.93, 864145.9, 864566.66, 867484.9, 864673.81, 867967.52, 867686.6, 865518, 866176.37, 860472.319, 858272.69, 848792.85, 846401.5, 845237.88, 842196.55, 835197.3, 833023.7, 826132.58, 
813453.6408, 815198.9013, 813292.5969, 815658.9996, 815985.1962, 811912.2021, 807533.5954, 804260.8023, 805025.6033, 802083.5955, 801410.1982, 798394.1016, 803060.8957, 799944.2978, 799432.5444, 797447.25, 786305.5, 779739.9, 774589.47, 767062.4, 761823.8997, 766090.46, 765936.4025, 772515.5992, 777345.4967, 780627.4972, 785654.9981, 785937.4972, 787621.4952, 788619.9994, 786581.5029, 787310.0044, 785766.9961, 778013.4955, 782653.4973, 780284.4954, 776753.4961, 778153.4954, 776670.9998, 778931.5027, 
778056.1033, 783310.9991, 783601.4959, 781554.5019, 783830.5004, 782725.9965, 784179.5005, 790464.5014, 795452.5036, 797522.5011, 799724.0009, 801733.0958, 798721.4979, 800910.5013, 800355.0003, 801679.0013, 800140.0018, 802499.4964, 801867.4973, 805236.503, 810517.5013, 813059.5037, 819031.0043, 822045.5015, 819460.5014, 821219.4979, 825700.2953, 830741.5023, 832334.4963, 835438.9976, 839093.2016, 840372.5954, 845583.4038, 845350.4005, 849483.9973, 850116.7961, 846729.3958, 848219.9991, 845867.6025, 
849010.6028, 849156.401, 852911.3962, 858062.6017, 862483.5962, 864253.672, 868195.6))"
pub_las.24,Fife,S12000047,137242.81,"list(c(345142.68, 357243.2171, 351133.7846, 350245.9051, 351522.6077, 350013.7142, 352160.68, 357905.2, 363756.86, 359581.8, 349959.95, 346134.922, 343395.19, 340362.0764, 328528.45, 327088.06, 320574.01, 317720.1, 312705.12, 313369.56, 308792.4992, 308810.4071, 307098.3, 293599.54, 291801.1732, 293300.5983, 298806.3038, 296656.0991, 301854.5029, 302659.0972, 312062.8037, 314982.6025, 314911.4971, 316561.3998, 319593.1994, 318842.6021, 321854.9022, 321660.4012, 320097.7972, 320751.5976, 315340.3969, 
316253.4962, 314402.9005, 317428.302, 320016.2041, 319640.7982, 322452.1991, 321177.096, 345142.68, 729393, 728376.8376, 727598.1894, 728727.079, 726548.9684, 719986.9403, 715950.59, 715085.14, 710222.46, 705217.72, 699272.74, 699722.248, 702252.87, 701980.4971, 692147.7, 686085.58, 685607.49, 683078.53, 682141.18, 680082.02, 680877.4004, 682585.1583, 683242.1, 686133.39, 688448.1308, 691364.8983, 692049.6024, 693511.004, 695193.2025, 697373.2985, 694872.4043, 695639.5048, 697707.3029, 698625.7, 
698304.302, 699958.2985, 701108.1994, 703774.4961, 704352.0008, 705326.7018, 706089.2036, 707798.2044, 709339.0033, 711580.5017, 711448.0996, 714269.2021, 717124.8047, 718346.005, 729393))"
pub_las.25,Aberdeen City,S12000033,20558.97,"list(c(396527.9508, 395670.8, 397425.9002, 399002.8011, 395061.36, 392906.7987, 392464.7974, 381448.2992, 382891.3993, 378240.5005, 378842.7032, 383312.2025, 384716.897, 382269.6969, 383492.2993, 387706.3995, 389548.1978, 392355.8967, 396527.9508, 813453.6408, 809858.3, 809723.8985, 803782.6991, 799509.41, 799944.2978, 803060.8957, 798394.1016, 801410.1982, 802083.5955, 805025.6033, 804260.8023, 807533.5954, 811912.2021, 815985.1962, 815658.9996, 813292.5969, 815198.9013, 813453.6408))"
pub_las.26,City of Edinburgh,S12000036,27288.67,"list(c(332968.1961, 330235.3966, 331774.1971, 324957.0982, 312706.0012, 311175.73, 313333.4996, 309813.1965, 311502.9971, 309580.7023, 311124.2025, 309721.7011, 311190.7014, 318502.4, 321233.3, 326353.4, 332968.1961, 673469.9256, 669493.199, 667949.301, 667507.8973, 659379.0041, 662333.43, 668619.6991, 669236.0027, 672081.898, 674049.8047, 674331.6041, 677012.7966, 679002.6706, 679466.5, 677141.85, 678264.7, 673469.9256))"
pub_las.27,East Lothian,S12000010,69948.16,"list(c(332085.8027, 334432.1, 336869.3, 343415.54, 344029.5148, 349615.4, 360992.39, 365229.8423, 372485.23, 377410.2503, 370895.5032, 368548.0024, 365441.9972, 364447.9974, 366761.9985, 365347.5005, 363696.5013, 362206.5033, 358191.9995, 353745.9987, 351430.9999, 347209.9986, 344107.0029, 341443.5018, 339656.6982, 336462.3966, 332085.8027, 671460.196, 674326.5, 673750, 676840.93, 680419.2429, 686431.4, 685162.27, 679491.5742, 677585.76, 672680.404, 665789.9991, 668874.4961, 668853.0023, 666703.9974, 
664193.9959, 660791.4999, 661517.0022, 659645.9978, 661685.0041, 659686.4962, 661505.4955, 658551.5011, 663266.2015, 663765.3986, 669173.0007, 668081.7031, 671460.196))"
pub_las.28,Shetland Islands,S12000027,165732.4,"list(list(c(468393.4992, 468754.7978, 466248.0986, 468393.4992, 1172556.9987, 1171189.8, 1170155.9767, 1172556.9987)), list(c(461196.22, 461343.7, 463479.65, 467574.5, 465176.26, 466494.5, 463506.12, 466391, 461835.5, 463859.3, 462569.5, 459422.8, 457528, 455710.5, 455506.5, 457276.6, 456552, 458233.5, 456980, 461196.22, 1218618.07, 1214093.6, 1218531.14, 1215741, 1214704.79, 1211396.5, 1212065.59, 1207684.5, 1202658, 1200614.6, 1199499.5, 1201238.6, 1198926, 1200523.5, 1204460.5, 1204318.6, 1207178, 
1211469.5, 1212505, 1218618.07)), list(c(462129, 464038, 465390.9, 467217.5, 465826.5, 464116.6, 460920.8, 462600, 460726, 457690.4, 458289.5, 460454, 462129, 1194968.5, 1194436.5, 1191212.8, 1193005.5, 1187792, 1189979.5, 1190397.1, 1187801.5, 1187085.5, 1192291.9, 1194648.5, 1193534, 1194968.5)), list(c(459552.4026, 461504.5033, 461024.5005, 459552.4026, 1200080.8001, 1199210.9991, 1197909.0018, 1200080.8001)), list(c(460057.5, 456495.3, 453228, 455099.3, 460057.5, 1167659, 1161248.4, 1161555.7, 
1165435.7, 1167659)), list(c(455386.503, 456586.4975, 454700.0028, 455386.503, 1193366.0022, 1192455.0029, 1190779.0027, 1193366.0022)), list(c(452156, 454676.3, 455838.5, 453072.8, 451090.0696, 453806, 452347.5, 450176.6, 454732.5, 454185, 452306, 453827.6, 453533, 451314.5, 448696.994, 449496.0005, 445059.0402, 444217.73, 445980, 444481.5, 445967, 444393, 441009, 445841, 446209.65, 448591.5, 449075.5, 452457, 447460.5, 448119, 449254.5, 451120.5, 451117.5, 448773, 445089.32, 445941.6, 446715, 447833.56, 
450745, 450855.6, 446590.37, 447237.8463, 449468, 449800.5, 447492, 445657, 446310.4, 444715.7, 444316.22, 444751, 442730.5, 445246, 443483.9, 446276.5, 443491.4122, 447005, 446541.11, 448314.9, 446763.29, 447019, 446078.7436, 445951.5, 444359.3, 444629.2, 443225.7089, 444462.8, 446279, 444193.8, 442826, 444492, 443574.16, 442839.47, 441800.88, 440442.84, 441797.5, 440829.4, 439700.7, 440982.8, 440849.4, 439371.6, 441047.5, 440544.5, 439469.09, 438558.41, 438237.1, 436468, 434707, 434087, 435655.76, 
435584.5, 437533.7, 437403.3, 435749.5, 436114, 437467.3, 436528.5, 440468.19, 440800.96, 438667, 439746, 438050, 437924.5, 440680.0929, 437369, 439239.93, 436263, 435743.67, 431608.9, 434659, 435557, 435061.5, 433661, 433450.09, 433314.5, 432168.5, 431263.9308, 429927.5, 425161, 425400, 428548, 427571, 429322.14, 427434, 428178.5, 425974.5, 426986, 425051.5, 424181.96, 420792, 419357.5, 420181.1, 417181.1, 417770.5, 416501, 419828.5, 422145, 423706.5, 423518, 425740.6, 424931, 427419.5, 428975, 
429973, 428388.5, 430783.26, 429675, 431728, 433923, 434643.4, 436037.1935, 434862.5, 437012.1, 436510.5, 440745.3, 438579, 435141.1, 435666.3, 434461.28, 432907.68, 433200, 430242, 430372, 431887.6, 429518.5, 431327.5, 429359, 429963.52, 427705.5, 427680.7, 424612.6, 421425.5, 420253.5, 421409.5, 424093.8, 423889.5, 425684.5, 429320.5, 433379.5, 430012, 427633, 431077.5, 431090, 436600.78, 436003.5, 444699, 446129, 446451.8, 448746.21, 446808.5, 447668, 449913.5, 450606.47, 450383, 452344.9, 452156, 
1206081.5, 1204630.4, 1195515.5, 1195829.9, 1198551.386, 1193017, 1191155, 1191731.4, 1189063.5, 1185381, 1185532.1, 1183642.9, 1179737, 1178780.5, 1180497.2771, 1177417.4974, 1175669.1742, 1173882.92, 1173414, 1172255.5, 1170978.5, 1172191.5, 1169024, 1170346.5, 1166241.99, 1172059, 1170507, 1174447, 1166843.5, 1165402.7, 1168126, 1167494, 1163965, 1162687.5, 1163288.09, 1160713.5, 1161855, 1160074.07, 1160494.5, 1158220.3, 1155484.36, 1153744.2926, 1154993, 1153075.5, 1153102.2, 1150765.5, 1153148.8, 
1152613.97, 1154084.01, 1151464.5, 1149793, 1150083.5, 1146504.9, 1149103, 1143481.0341, 1146969.5, 1142672.37, 1140792.5, 1140771.65, 1138526.5, 1139903.5793, 1137396, 1138581.2, 1136039.3, 1135317.2987, 1129499.9, 1127942, 1129187.7, 1127726.5, 1121096.5, 1123593.09, 1122044.37, 1123748.87, 1123081.86, 1119098, 1115255.1, 1115441.4, 1113889.7, 1111390.1, 1111161.7, 1110273.5, 1107673.5, 1110253.46, 1107978.52, 1112586.6, 1111072.5, 1111667.5, 1114388, 1115178.6, 1118089.5, 1118138.3, 1120604.7, 
1120673, 1121926, 1120953.6, 1123966, 1134984.85, 1139944.36, 1138877.5, 1145947.5, 1141772, 1143234.5, 1150478.7908, 1142354.5, 1152122.66, 1146425.5, 1151361.91, 1152437.7, 1150420.5, 1145639, 1147386.5, 1146313, 1148250.79, 1143999.5, 1142371.5, 1144907.7479, 1140315.5, 1145231.5, 1146739.5, 1146794.5, 1147245.5, 1148621.72, 1147937.5, 1149752.9, 1151502, 1149510.5, 1146342.5, 1149415.06, 1147045, 1148421, 1149498.7, 1150123.5, 1154902.5, 1156082.5, 1158292, 1158151, 1156005.5, 1157680, 1156630.9, 
1158075.5, 1159595, 1154601.5, 1156215.5, 1158183.5, 1157145.71, 1158671, 1160703, 1159038.5, 1155810.43, 1157882.7786, 1161572, 1161641.4, 1164141, 1163238.9, 1165284.5, 1165151.7, 1168007.8, 1165980.42, 1166779.82, 1170717.5, 1170363, 1173532, 1174252.9, 1174368, 1176519, 1176274.5, 1178617.79, 1174388, 1177920.4, 1178593.3, 1176652.5, 1178222, 1180719.5, 1180135.5, 1183882, 1185952.5, 1180886.5, 1181079.5, 1180956.5, 1183887, 1187944, 1193228.5, 1190955.36, 1193994.5, 1194887, 1197432, 1193414.5, 
1191744.3787, 1194107.5, 1205166, 1205466, 1203020.19, 1205757, 1204805, 1206081.5)), list(c(453605.0009, 455309.5024, 455070.5028, 453605.0009, 1141559.5016, 1141144.5004, 1138987.4978, 1141559.5016)), list(c(451790.9968, 451368.9981, 453110.9981, 451651.0039, 448878.0002, 449332.3031, 447354.7994, 448373.9961, 451212.0039, 450559.0033, 451790.9968, 1145828.4996, 1142367.0005, 1142811.5032, 1135706.9969, 1137583.4997, 1140860.8016, 1143470.3047, 1144752.9975, 1143322.497, 1144945.0025, 1145828.4996
)), list(c(438953, 437042, 437234.86, 438953, 1134932.5, 1128576, 1132823.6, 1134932.5)), list(c(437316.601371083, 437568.5, 435192.5, 437316.601371083, 1134934.05424522, 1134673.5, 1128648.5, 1134934.05424522)), list(c(437624.68827478, 438118.5, 437846.2, 437624.68827478, 1135845.73245973, 1137307, 1135823.7, 1135845.73245973)), list(c(431642.4997, 434381.0968, 431472.0001, 429017.5031, 431642.4997, 1167521.5001, 1165040.9001, 1162447.5025, 1165707.9992, 1167521.5001)), list(c(429123.9964, 431148.0022, 
429217.5036, 429123.9964, 1162045.9974, 1160466.9994, 1158652.4988, 1162045.9974)), list(c(423112.0029, 424015.002, 421970.4989, 423112.0029, 1147343.9958, 1145414.4981, 1146153.9965, 1147343.9958)), list(c(422249.0006, 422231.9992, 419619.5022, 420456.4995, 422249.0006, 1074249.9987, 1070875.5047, 1069640.3982, 1074080.4973, 1074249.9987)), list(c(415629.9974, 417410.304, 418356.499, 418582.9001, 415643.5028, 414519.9978, 415629.9974, 1162518.0023, 1160872.4034, 1162176.0002, 1159713.0952, 1159533.4966, 
1161457.4959, 1162518.0023)), list(c(396011.5012, 397892.4964, 396519.9988, 393570.9961, 396011.5012, 1141468.9975, 1139442.4976, 1136104.0032, 1138781.9967, 1141468.9975)))"
pub_las.29,North Ayrshire,S12000021,90387.45,"list(list(c(225064.2533, 227887.85, 225785.9979, 229543.9978, 229594.0041, 231766.0006, 233115.0987, 234904.9036, 235922.0968, 238640.9963, 240645.7994, 241287.6032, 234146.4981, 236869.7016, 239929.9962, 243309.4984, 239170.7003, 238952.6019, 237085.4996, 237572.4034, 233118.2978, 229260.5986, 222378.35, 221299.94, 217474.53, 217689.33, 221010.681, 219125.18, 219259.9804, 225064.2533, 669790.3276, 665273.27, 664236.0039, 661969.0028, 660220.0035, 659982.5015, 655026.3002, 656775.9993, 655117.0042, 
657461.3031, 655201.6999, 653032.3009, 644876.7954, 642007.9966, 644440.6003, 644101.7973, 642207.7994, 639744.7045, 639104.0978, 637386.2995, 633148.1027, 638746.6002, 641685.95, 645116.79, 648930.35, 652364.96, 657123.205, 662160.71, 668390.7682, 669790.3276)), list(c(195173, 201350.5, 203133, 201474.6, 205653.5, 202808.8, 205697.14, 205151.5, 203098.9, 194080.74, 188153, 189162.2, 186359, 188500.5, 195173, 652393, 647357, 639506, 636474.9, 633073, 630787.2, 628285.52, 622173.5, 620411.9, 620745.02, 
628696, 634304.2, 642523.5, 647905.5, 652393)), list(c(218046.5982, 217996.1961, 215131.697, 216380.8979, 218046.5982, 659348.5029, 654870.9046, 653804.9997, 658484.5003, 659348.5029)), list(c(215616.9023, 214426.6041, 213694.3025, 215616.9023, 652986.8039, 650213.6977, 651579.0969, 652986.8039)))"
pub_las.30,Dumfries and Galloway,S12000006,667525.68,"list(c(307127.52160339, 305365.4973, 306119.5419, 304416.92, 300775.8016, 295312.5, 291507, 287773, 288573.5, 287298.14, 272865.8, 268399.84, 266195.16, 265486.51, 263298.41, 261660.89, 255764.98, 250866.84, 251779.13, 246893.5436, 249650.5, 247849.5, 248840.9, 245808.14, 236458.71, 232836.3, 225969.12, 222082.2, 219000, 215929, 210387.1, 213046.5, 215453.5, 214157.9, 215782.6, 208879.6, 209517.3, 207428.4, 206398.13, 198619.3, 195883.5, 196175.04, 197978.24, 202223.93, 205094.26, 203345.91, 203393.6, 
206011.3, 208367.05, 205635, 209981.502, 212774.5003, 214839.9997, 215775.9995, 221051.5012, 221834.499, 224959.4981, 226625.9982, 231850.4952, 232267.0034, 230250.143, 230212, 232900, 235382.4987, 236679.4963, 242177.5, 243697.5027, 244611.6986, 245811.0004, 250102.497, 253994.9986, 260309.2973, 264225.0005, 267850.9963, 266530.68, 267729.96, 273388.42, 272510.5036, 274517.4999, 284620.9977, 288970.0036, 291638.3033, 291521.5037, 295694.5023, 297319.4967, 298074.4969, 300238.9986, 299991.0037, 301945.0007, 
304659.4974, 314355.4996, 316895.4979, 321338.0028, 317580.4976, 316491.2013, 318187.1032, 322953.4988, 325616.0022, 328636.4979, 330220.4978, 333832.5024, 336816.4972, 338999.5008, 343368.501, 343860.5003, 341501.4976, 345164.0032, 342471.999, 345404.0994, 342644.799, 338846.2004, 332959.4989, 334533.2996, 333306.5994, 326596.3652, 317032.7199, 312711.741514052, 309531.9987, 306560.5034, 307127.52160339, 560241.827291012, 559718.5017, 562154.044, 558618.61, 557455.3995, 551188, 552357.5, 551213, 
552845, 552975.3, 543328.6, 543569.07, 546981.54, 543177.09, 545238.66, 544647.45, 551228.16, 552754.47, 551288.37, 555735.0922, 547434.4, 541017.8, 537625.9, 533983.94, 538984.21, 545110.2, 550898.44, 551770, 554580.54, 554041, 549136.9, 537979.8, 535788.9, 532585, 530260, 533911.6, 541070.2, 541874.9, 547223.64, 555251.5, 562636.3, 569258.62, 572737.45, 573591.07, 568138.39, 567383.47, 564466.67, 561032.3, 563153.57, 571236.1577, 572595.9956, 578365.5021, 578267.5006, 575402.5011, 575799.4987, 
574282.0041, 575969.4995, 574820.4996, 576155.9975, 578916.9962, 580386.274, 583235, 586078, 586107.4979, 587856.9971, 587097, 589083.9959, 585332.5997, 585934.9973, 598518.9952, 604190.5017, 604894.7002, 601025.9976, 608340.5033, 610356.41, 615115.92, 617677.48, 618877.4976, 620706.0042, 618242.4994, 610394.9957, 609025.8976, 604566.0042, 600859.4952, 601375.1976, 604672.0039, 604939.4973, 610925.5039, 612763.9976, 614182.0017, 614011.5005, 617549.4978, 615739.4959, 611862.9955, 606814.4006, 606123.2985, 
609802.4953, 606490.5034, 607881.9951, 606949.0021, 597982.6987, 597666.9991, 599993.5031, 598781.0002, 596860.0001, 594000.0987, 593912.0039, 586969.5012, 579777.5998, 576206.702, 573172.6005, 573650.1038, 571810.6004, 567607.1036, 562577.3333, 564353.5602, 562827.328031519, 559549.0002, 558974.5047, 560241.827291012))"
pub_las.31,South Ayrshire,S12000028,123468.04,"list(c(236767.5041, 240278.4985, 241296.6975, 246418.1997, 248105.403, 248595.102, 242474.75, 243567.0995, 242361.8, 244793.67, 244968.7, 241660.99, 237775.18, 237300.27, 235212.32, 239954.27, 237516.69, 245352.4019, 243952.29, 245705.7027, 242470.5, 243144.4991, 236679.4963, 230572.0003, 231785.5, 226590.5009, 224953.9982, 221834.499, 221051.5012, 215775.9995, 215227.0007, 213444, 209981.502, 205635, 204540.5, 209078.07, 217774.1, 219797.99, 219324, 224065.99, 225760, 232475.8, 234410.04, 230580, 
236767.5041, 636864.199, 636037.2957, 633068.5955, 633164.598, 631480.0002, 626731.0996, 622418.8, 619945.201, 618888.05, 617957.08, 615845.1, 614535.57, 617704.13, 615287.1, 614315.26, 613796.93, 610045.79, 604230.4003, 601767.56, 598228.4983, 592226, 588073.4976, 587856.9971, 583843.496, 576121.5, 574814.0008, 575969.4997, 574282.0041, 575799.4987, 575402.5011, 577871.996, 578542, 572595.9956, 571236.1577, 575121.5, 586739.37, 595700.3, 601900.49, 606899.8, 610958.53, 617046.3, 620465.75, 625961.16, 
631621, 636864.199))"
pub_las.32,Na h-Eileanan Siar,S12000013,327034.79,"list(list(c(181244.0011, 181863.502, 180233.9976, 181244.0011, 1033814.5033, 1032034.5028, 1031764.5001, 1033814.5033)), list(c(123833.252656515, 119033.82, 120855.5, 119632.0252, 121631.5, 123357.5, 121009.5, 123566.5, 115532.46, 116929.5, 114845, 115241.59, 117006, 118918, 115329.51, 115468.5, 111468.5, 113055.2, 112211, 111296.3, 111426, 109967.12, 110397.5, 107486.44, 108768.5, 106457.6, 105850.5, 104060.5, 103982, 95432.5, 97166.37, 99204.5, 101926.5, 104011, 105997.5, 106899, 114794.8, 111918, 
113041.2527, 109247.5, 110114.5, 108821.5, 104397.5, 104613, 102951.5, 99692.5, 99333, 97873, 99873.5, 101699.02, 103258.5, 110473, 102622.5, 101375.5, 103896.5, 101668.5, 103671, 101531, 100025, 97660.5, 100576, 100082, 103814, 102512, 105323, 105104.3, 107923, 108977.5, 111845.5, 111615, 108575.2, 112525, 113688.5, 112808, 113722, 113342, 114457, 115000, 120980.4, 121689, 122694.5, 123394.2565, 120597.7, 121538.8499, 117934, 117531, 120095.86, 117224.5, 118671.5, 121482.5, 127029.7, 128631, 134192.4, 
135983.5, 149227.9, 152019.2269, 156305, 155353.5, 156690.5, 153676.0045, 156522.5, 152196.1, 149035.09, 146831.4, 145636.8, 148394.3, 156279.7, 157522.4, 156200.7, 150184.47, 148158.8, 144740.78, 142263.1, 143157.5, 139780.45, 140090.3, 142965, 142808, 135584.89, 139726.5, 136976.3, 127327.5018, 138884, 140996.5, 140925.5, 142056.5, 142530.5, 142024.5, 138457.29, 142869, 140838.5, 138014.18, 137236, 136712.02, 130071.9589, 135723.5, 137059.5, 135435, 132525.5, 131026.5, 131169, 129341, 128933, 125571, 
127328.5, 125745.6179, 124669, 121980, 121645.23, 123833.252656515, 915161.066346959, 910573.48, 906778, 905739.8511, 905770, 902111.5, 901494.5, 897626, 899906.67, 898205, 898205.5, 896588.7, 896457, 891776.5, 892827.72, 889514.5, 893021.5, 890825.6, 889546.5, 890730.2, 888029.5, 888917.39, 886457.5, 887514.32, 885496.5, 885006.1, 882864, 883352.3, 881916.5, 894689, 895003.08, 892840, 893906.3, 897497, 897549.5, 901524, 900394.5, 903119.5, 904063.8404, 904688.5, 906257.5, 905127, 908292, 907037, 
906899.5, 908839, 911907.5, 911388.5, 914915.5, 913489.35, 915777, 917421.5, 916021.5, 916995, 918233, 918562, 921245, 919164.5, 919676, 926348.5, 930282.5, 932983, 932808.9, 934287, 939413, 938082.9, 936518.5, 938191.5, 935498, 934364.8, 934591.9, 932494.5, 924448, 931678, 930682, 932488, 931736, 933739.1, 932490.5, 929546.5, 929969, 931418.0549, 932721.2, 934534.7791, 939509, 941807, 942358.4453, 942592.5, 945140, 945187.5, 949744.3, 948782.5, 950877.7, 954293, 962771, 966602.4877, 960765, 958565.5, 
955205.5, 950103.4873, 946884.5, 944321.4, 939144.81, 938943.8, 935216.5, 932400.4, 938128.9, 937504.3, 933341.3, 929081.35, 932081, 930234.06, 933127.7, 926543, 926194.92, 924982.4, 925443, 924152.5, 925878.78, 923420.5, 921395.9, 919807.7973, 919775.5, 922123, 919082, 919876.5, 918039, 914971, 915179.47, 913894.5, 909605.5, 911639.53, 910509, 911994.88, 910845.4093, 910100, 908572, 903002, 901985.5, 905419.5, 900882, 901933, 900372, 906359, 901279, 902504.4022, 901490.5, 906473.5, 912038.99, 915161.066346959
), c(124429.573034578, 124892.5, 129430.5061, 123487.2986, 124429.573034578, 916011.952301917, 916672.5, 916306.5288, 917238.4028, 916011.952301917)), list(c(141483.9996, 142060.5025, 140483.1342, 141483.9996, 898977.9998, 896156.9973, 898807.6472, 898977.9998)), list(c(121271.1993, 124377.9961, 124782.0041, 121811.5971, 121271.1993, 897482.098, 896344.5036, 894672.0024, 894280.4044, 897482.098)), list(c(113229.9974, 115628.9968, 116196.9002, 117408.5036, 119088.5008, 114204.5966, 115152.4983, 113229.9974, 
940749.5028, 940127.001, 937289.1033, 938099.5014, 933543.9954, 934627.8951, 936625.8032, 940749.5028)), list(c(103552.4971, 104817.4828, 103061.5037, 101028.9972, 99070.0036, 98692.9982, 103552.4971, 903513.5015, 900193.8615, 898842.9984, 900577.5019, 898567.4973, 900707.0049, 903513.5015)), list(c(97288.5015, 98632.0013, 95750.5008, 94781.5, 97288.5015, 916999.0013, 913051.2014, 913760.4983, 915814.0005, 916999.0013)), list(c(98089.402, 98168.4969, 96874.5005, 98089.402, 887414.0999, 884807.496, 
886830.9968, 887414.0999)), list(c(78205.36, 80608.3362337926, 79363.4088, 75805.5, 75699, 80288, 81177.9615954396, 80312, 84074.5, 80260.5, 81743.52, 80615.7941, 80143, 77949.0016, 76913.1781, 71934.2, 68731.5, 70707.48, 72404, 75163.5, 77805.5, 75586.79, 79766, 79338.6129, 83309, 84510.1112010256, 84699.5, 85712.1339, 84945.5, 86438.9, 86741.62, 89783, 91144.441967188, 90606.5, 92876.5, 90815.5, 93887.0016, 95896.9001, 92647, 94918.5, 98044.5, 95481, 93673.31, 94899.4, 92908, 91773.5, 92076.5, 
89963, 91938, 88691.5, 90479, 89647.81, 92486.5, 90635.4, 92439.37, 90484, 95316.5, 94149.5, 85564.2, 85977.07, 83123.24, 92979.5, 92519.5, 90614.5, 91828, 87339, 88900, 85505.5, 84218.7, 84888.5, 87837, 88146.5, 84407.6169, 82737.9801292573, 84970.3, 84384.8, 85807.8, 88235.4431, 86174, 87124.5, 85240.5, 85103, 84321.5, 83590.5, 87902, 85785.5, 88055.5, 85373.5, 86049, 81109.1, 84125, 82250.7521605289, 82367.5, 80317.8808, 83403.5, 81507, 85193.5, 82983, 83614.7, 86105.5, 83625.0068648856, 85496, 
85754.82, 87425.5, 83394, 82196, 77485, 77452.01, 76592.09, 77281.1787, 79792, 82477.5, 83084, 81508.5, 79177.5, 80197.5, 76262.55, 77387.92, 82770, 82920.5, 84683, 83485.5, 80474, 74639.65, 72434, 72625, 70788.8, 72764.9, 73422.7, 72341.5, 74916.5369, 73768.1, 78205.36, 848954.1, 847441.407483612, 849013.1553, 850138.75, 855258.2, 857827, 857380.47013729, 858469, 858363, 858617, 860802.02, 862253.1794, 858743, 857583.9987, 862594.6207, 866066.5, 870847.6, 871442.86, 876617.5, 876789.7, 874487, 876668.48, 
877113.5, 875389.4576, 879935, 876786.047160678, 876922.5, 875024.9207, 877184, 876388.2, 878754.99, 878476.7, 879699.309871882, 878636.5, 875633.5, 874292.5, 872847.9994, 873781.9021, 874879, 875345.5, 872434, 868991, 871170.5, 871777.36, 870802.5, 872100, 870618, 872706, 873295, 872982.5, 871944, 870814.99, 869955.9, 869780.6, 869324.6, 867720, 867500.5, 864456, 863697.6, 865568.46, 863854.94, 863183.5, 860039.5, 858797, 858333.5, 859637.5, 858205, 858365.5, 859794, 858023, 858193.5, 854457.5, 
857001.6467, 856597.745505913, 855477.7, 854047.5, 855032.7, 853086.2153, 853344.5, 851564.5, 852589.5, 850996.5, 852317.5, 851030.5, 849478.5, 848037.5, 847832, 847732.5, 846379, 848873.8, 846313.5, 846407.493686949, 846334, 846270.0769, 844352.5, 843706.5, 840959, 841112, 840172.1, 840799.5, 838877.43546514, 838024, 835546.59, 835137, 831067.5, 827114, 829593.1, 828067.66, 829755.13, 827928.8849, 827969.5, 825517, 820311, 818850, 820198, 818683.5, 819716.03, 817711.4, 817229.5, 815381, 815022.5, 
812646, 814293, 814238.75, 817383.6, 827025.4, 829924.4, 830824.4, 834411, 834939.2, 836555.3625, 846053.6, 848954.1), c(83426.6638919829, 83245.8, 84709.6, 83426.6638919829, 875836.857138738, 875684.7, 874533.0511, 875836.857138738)), list(c(91266.2541449361, 88511, 90553.5, 92899, 95048, 92156.46, 91266.2541449361, 879939.973722116, 880688, 883625.5, 883862, 880227.5, 881698.75, 879939.973722116)), list(c(89622, 91104.5, 89540, 88073.5, 89913.5, 88648.5, 89622, 857752.5, 856312.5, 853898, 856550.5, 
856377, 857335.5, 857752.5)), list(c(89335.9236, 91041.4991, 88243.0017, 86892.5019, 89335.9236, 889340.9484, 887582.5017, 886452.995, 887922.5044, 889340.9484)), list(c(88517.9992, 88474.4982, 86558.9974, 87449.497, 85672.9996, 88517.9992, 847510.0023, 845719.5048, 845356.4988, 844840.9963, 845549.5035, 847510.0023)), list(c(85237.5037, 85592.5031, 84394.9987, 85237.5037, 882398.9955, 880031.0033, 880895.9957, 882398.9955)), list(c(84187.8992, 85437.2981, 84417.3015, 84187.8992, 846817.6005, 846456.204, 
845222.5971, 846817.6005)), list(c(78099, 81025.5, 79223.5, 78099, 813115.5, 812333, 808161.5, 813115.5)), list(c(77090.3033, 77260.4978, 75581.0036, 77090.3033, 805385.1004, 804105.9965, 804814.0038, 805385.1004)), list(c(75376.9961, 76565.4969, 74633.003, 75376.9961, 804762.9984, 803188.4991, 804012.0034, 804762.9984)), list(c(73456.4987, 74468.1527, 72796.4981, 73456.4987, 809725.4979, 808506.2434, 807525.9975, 809725.4979)), list(c(69761, 71435.3284, 70919.24, 72832.5, 70620.4, 71931.85, 70452.88, 
73453, 70885.78, 71834.68, 69451.76, 69616.5, 66746, 65519.24, 65490, 63817.56, 63222.8, 66681, 64538.67, 63436.37, 65192.268, 62374, 62712, 60557.5, 61520, 63772.8, 61954, 65155.85, 65785.3967, 64528.5, 68660.5, 69761, 809673, 808726.7716, 804862.2, 803044, 804334.3, 803150.14, 803188.32, 800515.5, 802032.57, 800627.54, 798872.23, 797301.5, 796855.5, 798659.98, 797401.5, 797643.21, 796753.5, 795602.5, 796047.72, 794839.01, 794087.248, 793464, 795615, 796453, 798055.5, 797632.53, 798806, 801140.69, 
803956.8431, 804921.5, 805532, 809673)), list(c(63609, 65828.5, 64000, 63609, 792626, 790590.5, 790154, 792626)), list(c(62205.5027, 63120.4984, 65223.5001, 63842.5019, 63469.9982, 60033.0033, 62205.5027, 863639.9952, 862132.4967, 862687.4978, 860502.5033, 861960.9958, 861964.0049, 863639.9952)), list(c(60245, 61865, 58844.5, 60245, 788285.5, 786715, 787061.5, 788285.5)), list(c(55528.5038, 57442.0011, 54443.0003, 55528.5038, 780719.001, 779887.499, 780272.9986, 780719.001)), list(c(57096.096, 56989.001, 
54246.001, 54866.4996, 57096.096, 784995.8968, 781995.9954, 781907.5008, 784402.9964, 784995.8968)), list(c(7564.9963, 10531.0004, 11292.003, 9765.0012, 11000.4989, 7665.0007, 7564.9963, 901270.5036, 900685.0012, 899162.497, 898221.4963, 897095.4986, 899170.0048, 901270.5036)))"
